genre,n_movies,avg_worldwide,median_worldwide,avg_opening,median_opening,avg_us_canada,avg_international
Action Epic,146,363021580.5241379,172989651.0,38206279.368421055,15371270.0,144123767.97810218,241225745.58088234
Dinosaur Adventure,24,349209599.6666667,94615836.5,52958207.05555555,33746729.5,151117717.0,247978921.52380952
Superhero,98,310384158.37113404,142400065.0,49690855.0,32828348.0,132066342.07446809,189980956.3655914
Computer Animation,144,283897960.4583333,149049720.5,31121070.131782945,20612100.0,111207023.11764705,187646516.55882353
Globetrotting Adventure,32,267991530.43333334,91352776.5,27557875.36,15580278.0,89004033.20689656,202264353.14814815
Kaiju,15,266792561.42857143,255028080.5,34437450.0,30002735.0,75922141.33333333,185525981.42857143
Sci-Fi Epic,15,258385688.4,263920180.0,36360759.2,18372372.0,119761678.46666667,138624009.93333334
Car Action,30,241934859.26666668,108011252.0,28387251.592592593,16540720.0,84668400.10344827,164535715.6551724
Space Sci-Fi,44,238203926.79069766,35841901.0,38785587.972222224,11294308.0,104387956.38461539,161016857.92105263
Adventure Epic,78,235184743.14285713,74439376.0,25322189.04411765,8404160.5,95132915.43835616,154092562.81944445
Sword & Sorcery,17,225830348.375,8919406.0,27283613.57142857,3202893.0,71995331.8,171413289.42857143
Disaster,52,224754105.48,129669667.5,20312843.6875,13563881.5,83767432.92,145683615.6875
Supernatural Fantasy,26,211140024.26923078,104538509.0,27729511.47826087,16840385.0,97543593.08333333,131111280.66666667
High-Concept Comedy,48,189697769.33333334,121147448.5,20774582.34090909,13390114.5,99545206.0,98388912.67391305
Animal Adventure,211,188690773.94230768,110468183.5,18362580.75,11521237.0,78997417.7745098,114947029.48258707
Dark Fantasy,96,164857840.05208334,51110713.0,22621071.844444446,8718398.5,67289467.98888889,108159621.14444445
Fairy Tale,39,153812904.2631579,91751910.5,18831590.666666668,6100000.0,84111221.74285714,84153136.70588236
Quest,26,152472996.28,41048630.0,21615086.227272727,6849565.0,63136550.56,93158365.95833333
Cyberpunk,31,151514925.12903225,53429250.0,17309495.620689657,9612247.0,54834887.448275864,107097517.48275863
Sea Adventure,14,139797552.6153846,16647800.0,18633904.375,10186581.5,53161556.0,107334201.81818181
Dystopian Sci-Fi,62,136955634.21311477,16478265.0,26845401.333333332,6300147.0,67067660.461538464,95392436.03921568
Alien Invasion,98,132333088.89690721,46092117.0,20065287.180722892,11071584.0,65792336.78823529,85888593.65476191
Desert Adventure,36,121109973.35294117,33053250.0,13680657.827586208,4018452.0,47281833.885714285,73929108.15151516
Artificial Intelligence,46,120784552.79545455,37051865.0,16324649.675,6241630.5,50175471.071428575,80281315.65
Body Swap Comedy,27,115409502.85185185,36403064.0,11304649.115384616,6026881.5,63326237.666666664,52083265.18518519
Buddy Cop,60,111356678.2,68876715.5,17177783.783333335,11616551.0,65792016.96666667,45564661.233333334
Feel-Good Romance,111,106182304.03603603,83697473.0,10276380.579439253,9275000.0,56934764.06542056,53043961.14018691
Epic,84,101169438.85185185,20929648.0,7837615.15625,437885.5,48913181.46052632,61406451.26027397
Spy,63,93824042.38709678,39232956.0,17853812.210526317,9620619.0,47595945.52727272,59230867.7962963
Monster Horror,39,90935973.94736843,46897964.0,14497892.129032258,8911330.0,43010592.205882356,60146397.18181818
Whodunnit,22,84716576.18181819,15847912.5,12312735.9375,5079643.5,42251218.94444445,61289158.222222224
Holiday Comedy,34,83069850.11764705,51087274.0,15640170.966666667,12982454.5,62475264.13333333,31318402.066666666
Cyber Thriller,25,79137306.44,29907685.0,9090717.0,6130827.0,32992975.5,49439087.25
Conspiracy Thriller,94,78834146.22340426,40311245.5,10302825.120481927,8117465.0,38935297.85057471,46171843.67816092
War Epic,14,78688654.92307693,62112895.0,7322255.909090909,7209345.0,23912864.230769232,62942089.833333336
Buddy Comedy,210,78327480.56218906,28818995.0,12413245.960227273,6497062.0,45868756.57591623,38193202.3021978
Gun Fu,28,77225564.42307693,24521283.0,13253904.681818182,8235961.5,38327140.00304347,53252107.333333336
Boxing,43,76735999.425,19127382.5,7886563.888888889,1854969.5,36597615.97619048,39343443.743589744
Time Travel,19,75791106.94736843,43935763.0,8813238.157894736,8310252.0,31828617.684210528,43962489.2631579
One-Person Army Action,82,74126438.48148148,29342463.0,11493303.830769232,6820100.0,36979012.0,45302502.26086956
Jungle Adventure,48,71168061.475,6552281.5,13506712.8,5005788.0,27542761.42857143,50354641.35294118
Sword & Sandal,14,70506241.76923077,37989684.0,11777415.0,8868318.0,26061525.25,55171539.90909091
Workplace Drama,25,64806867.08,21585326.0,7167618.625,871678.0,38993093.125,28454605.25
Docudrama,252,64793031.52419355,24793060.0,5634284.415525114,384640.0,35091223.473684214,35803846.12053572
Raunchy Comedy,65,64407963.203125,21553369.5,10138925.593220338,5426390.0,36300118.828125,28180678.793650795
Hand-Drawn Animation,43,61758934.571428575,19872965.0,6463876.411764706,4246620.5,30845784.341463413,33109502.7
Caper,115,59933718.78095238,20165000.0,7735308.282352941,2130024.0,29402501.78217822,36628671.17582417
Drug Crime,20,58308259.8,19273538.5,8501945.684210526,5303775.0,24718295.10526316,36658013.78947368
Kung Fu,22,57979800.6,19734353.0,5908624.411764706,784839.0,15282572.7,47274948.833333336
Pop Musical,23,56840721.08695652,15101131.0,6436465.764705882,2921030.0,30336658.777777776,39269094.88888889
Bumbling Detective,25,55587179.77272727,27899917.5,10705513.0,5442844.5,36150574.43478261,20697307.2
Romantic Comedy,309,55484322.171717174,25850615.0,8191839.787878788,6548896.0,32344569.604316548,26851343.12781955
Supernatural Horror,160,54991901.01898734,28901370.0,11393345.458646616,7954766.0,29616892.735714287,32618202.855072465
Teen Drama,19,54856046.7368421,4743119.0,11352599.4375,288577.0,24537215.88235294,35904324.76470588
Splatter Horror,22,54553464.36363637,18865702.0,15454970.625,15159222.0,35989747.625,38844778.875
Legal Thriller,30,53756670.96666667,22647542.0,6459915.433333334,4463555.5,33063814.1,20692856.866666667
Mountain Adventure,15,52945207.692307696,6738135.0,3566155.9166666665,68685.5,17080222.466666665,37085643.307692304
Cop Drama,47,52811119.97727273,30006960.0,5781939.15,3204625.0,26058098.893617023,25132917.681818184
Jukebox Musical,20,52663184.684210524,12643027.0,8356699.5,480373.5,24495970.70588235,36513847.75
Erotic Thriller,57,51755749.491228074,13657649.0,7286080.05882353,3177158.0,25748938.018867925,29876235.735849056
Martial Arts,82,51611365.45679013,17115806.0,3786744.0579710146,277462.0,10743894.183098592,48018977.08571429
Serial Killer,35,49364226.54285714,31200557.0,9490623.833333334,6483717.0,27294777.09375,26584604.71875
Political Thriller,74,47648862.08450704,15769322.0,6879104.410714285,1520415.5,24801279.13235294,26363416.307692308
Survival,28,46656787.59259259,11642946.0,6985636.0,3497516.5,31631929.347826086,24209599.40909091
Coming-of-Age,295,46218003.95517241,8787126.5,4017384.7098039216,161528.0,24925553.99259259,25057460.856603775
Farce,81,45325608.708333336,18327097.5,7079839.296296297,3888416.0,38776536.28571428,10063469.032786885
Costume Drama,82,43005630.925,10342184.5,2108097.3484848486,214075.0,18887959.527777776,29408720.385714285
Slapstick,120,42974177.59821428,19221507.5,8325670.824742268,5000000.0,28763798.777777776,16867054.09
Police Procedural,17,42847238.4117647,2971661.0,5039617.214285715,222933.5,28714901.266666666,19829970.866666667
Wuxia,13,40185830.615384616,13388204.0,80026.44444444444,47892.0,1024879.5555555555,55132604.666666664
Road Trip,61,39315626.6,9332017.5,5462083.1,418063.0,27337332.8,15985088.944444444
Suspense Mystery,22,39100722.63636363,5330918.5,5306523.230769231,123833.0,16861593.722222224,30503946.111111112
Steamy Romance,37,38798292.27027027,6740470.0,3519549.4242424243,104396.0,12932653.235294119,28965320.32352941
Legal Drama,45,38251419.53333333,17696794.0,3494146.882352941,160209.0,26772401.763157893,17848150.763157893
Psychological Drama,180,37583182.525714286,4788331.0,3532631.3194444445,91029.5,18669889.030864198,22557375.904458597
Cozy Mystery,10,36622629.6,4249575.0,5098065.125,1147212.0,24018520.777777776,16653832.222222222
Psychological Thriller,158,35731533.02580645,7948284.0,6496670.065573771,2392640.0,22006040.515384614,20601904.72440945
Baseball,38,33592819.567567565,30626182.0,6180525.888888889,4964006.5,29115148.57894737,3693066.2972972975
Psychological Horror,88,33271993.477272727,3570263.5,7516879.47761194,2457041.0,23700608.579710145,18333443.260869566
Medical Drama,21,32995416.85,17089311.0,5151667.388888889,4331899.5,25662348.1,7919493.684210527
Football,31,32859885.548387095,14401617.0,7750747.866666666,3714011.0,27921715.51612903,4938170.0322580645
Contemporary Western,38,32406506.91891892,12045362.0,3271306.7333333334,834960.5,21122040.828571428,13537064.705882354
Action,1298,32149318.724565756,4140502.0,4266612.823958334,325597.0,12090327.860986548,23696618.27387914
Period Drama,373,31658517.625,4284970.5,2390553.116788321,90891.0,16224487.160377359,20019525.367213115
Heist,33,30845483.09090909,6017509.0,4386297.821428572,474309.0,15388134.166666666,17880395.033333335
Stop Motion Animation,10,30419116.9,495614.0,5402448.75,208278.0,14348305.1,16070811.8
Found Footage Horror,43,30253658.26190476,13244695.0,8550824.125,2325683.0,15859785.114285715,19732944.29411765
Anime,143,30081991.16197183,7729216.0,1664349.8764044943,189617.0,3193838.881818182,31872464.128440365
Historical Epic,20,28695765.42105263,17504819.0,1433220.6923076923,135326.0,14364085.6875,19594161.866666667
Parody,178,28684150.39520958,5546827.0,5601565.176470588,1572564.0,16548587.254545454,11478952.207792208
Teen Comedy,45,28599321.777777776,18135531.0,5957843.80952381,3989418.5,22690134.953488372,7058512.930232558
Adult Animation,134,27342581.939849623,1534437.0,3361181.7391304346,67054.5,9628200.70754717,23035431.62857143
Dark Comedy,1093,25743678.98013245,4633668.0,4359465.433856502,312109.0,16233231.019191919,11645472.662473794
Dark Romance,58,25725794.736842107,5240720.0,3513481.5454545454,77657.5,15075884.75510204,14829096.604166666
Quirky Comedy,48,25282029.978723403,2876321.0,2986553.7435897435,276981.0,15302942.068181818,12191642.34883721
Motorsport,13,24914715.916666668,6637511.0,3104785.4545454546,958637.0,14634443.461538462,9061077.166666666
Slasher Horror,130,23784816.944,9929706.0,7553649.56701031,4275126.0,17480352.14285714,9205331.523364486
Teen Horror,13,22285470.307692308,8988731.0,5880122.818181818,6574326.0,16094629.090909092,10236922.818181818
Basketball,48,20712872.5,9709404.5,5206187.4,1687000.0,15996236.270833334,4284734.652173913
Vampire Horror,15,20571352.714285713,3377781.5,5586339.153846154,548231.0,11291566.714285715,10051474.692307692
Holiday Romance,15,20449931.076923076,4239154.0,4530840.0,2411247.0,17693801.727272727,8049637.666666667
Prison Drama,31,20352786.387096774,5098627.0,2344012.380952381,80376.0,11267781.625,13925428.0
Gangster,45,20175513.477272727,8105372.0,2956225.2,547092.0,10615931.07142857,10581837.43902439
B-Horror,62,20068828.344262294,1029846.0,3092981.15,219675.0,16597924.62,8057174.9387755105
Mystery,32,19973959.724137932,577701.0,2870344.772727273,129949.5,6821682.24137931,15036679.0
Body Horror,107,19917992.70754717,2234298.5,3952974.3076923075,1750571.0,14079213.917647058,10830493.67857143
Teen Romance,22,19748718.61904762,2147228.0,4758844.25,467774.5,10823550.368421054,11985365.666666666
Concert,43,18990141.871794872,2537304.0,6648574.428571428,946000.0,13851427.108108109,7014040.848484849
Stoner Comedy,15,18552222.666666668,6566277.0,4273753.071428572,2382394.5,17113110.5,2464067.285714286
Adventure,485,17967160.266514808,1565302.0,2811486.5,88325.5,8447542.269879518,11908395.138211383
Folk Horror,35,17709936.0,452155.0,3304410.4444444445,14138.0,9433227.5,12701781.346153846
Nature Documentary,23,17065557.04347826,5630843.0,1555532.043478261,45480.0,5824453.869565218,11241103.173913043
Classic Musical,34,16923060.6,58262.0,467265.0,354764.0,26002093.65,114394.3125
Tragic Romance,27,16465603.814814815,2058007.0,2415917.722222222,242422.5,9788495.444444444,14746947.611111112
Showbiz Drama,23,16457572.409090908,7400827.0,2241851.111111111,142117.5,9449223.4,9332607.421052631
Satire,259,15914097.099585062,2925201.0,2498346.151832461,191866.0,10272280.530701755,7393372.823809524
Swashbuckler,22,15871306.11764706,2500000.0,5319497.571428572,4251320.0,9388119.2,13866413.0
Tragedy,111,14373056.963302752,1911542.0,1572198.6493506494,68266.0,9175650.471264368,8715592.211764706
B-Action,39,13322568.72972973,6770587.0,4073564.625,2828495.0,11672278.0,4587501.724137931
Political Drama,47,13030277.111111112,6217567.0,2073818.1621621621,88390.0,7604035.363636363,6008853.904761905
True Crime,133,12891885.848484848,2062141.5,1299919.201754386,38070.5,5503858.707317073,7850275.147540984
Soccer,13,12831961.461538462,7864905.0,1758067.0,162717.0,5388556.076923077,7443405.384615385
Sci-Fi,14,11749631.57142857,66441.5,2709233.4285714286,14064.0,9956912.875,10325000.0
Zombie Horror,16,11517124.733333332,1663165.0,2688938.727272727,131175.0,5931501.666666667,7904766.7272727275
Extreme Sport,29,10169725.862068966,2850263.0,1160546.076923077,281329.0,4586002.724137931,5583723.137931035
Comedy,3085,10037574.35739191,769033.0,1600400.9751054852,40292.5,5907244.135641117,4340079.929663609
Music Documentary,38,9864259.833333334,412144.5,864513.0857142857,21722.0,2965938.8684210526,6770493.5
Romance,34,9140259.9375,347588.5,334146.7916666667,46366.0,827156.3703703703,10895833.56
Horror,247,9014974.904761905,292271.0,2579578.572327044,88831.0,6159557.975124378,4419522.583783784
Mockumentary,10,7336210.4,5332514.0,841910.4,260357.0,6868216.4,467994.0
Crime,769,6547461.367071525,502237.0,937055.8232323233,27692.5,3242411.5366218234,4027886.0405616225
Biography,785,5911834.954966888,406100.0,766829.6501501502,19515.0,3728618.9298013244,2308364.835862069
Drama,3839,5703377.687644419,358925.0,715372.9742212675,16068.0,3035934.453333333,3236406.8027079306
Stand-Up,22,5590275.363636363,990293.0,1810149.2105263157,164926.0,5586051.7272727275,4223.636363636364
Fantasy,37,5562496.166666667,380064.5,1543872.1818181819,224675.5,4176056.5555555555,2870332.4615384615
Screwball Comedy,34,5220140.791666667,10407.5,1634441.0,924755.0,9018218.631578946,2868584.3333333335
Political Documentary,19,4782697.947368421,166750.0,218659.73684210525,15264.0,2765206.263157895,2017491.6842105263
Werewolf Horror,10,4781493.8,2695303.5,1200042.857142857,607081.0,4236450.0,683289.4444444445
Spaghetti Western,17,3805490.111111111,60500.0,7452.5,7452.5,2399646.9166666665,7020.25
History Documentary,19,3645462.210526316,309596.0,211688.4375,20563.0,2306450.0555555555,1541380.888888889
Science & Technology Documentary,18,3500134.6666666665,523852.0,59832.4375,29780.5,2029959.0,1470175.6666666667
Music,26,2916523.1923076925,426201.5,960556.8125,544439.5,1631532.4166666667,231634.41666666666
Giallo,15,2791252.214285714,107048.5,1053558.25,17119.0,2874131.4285714286,2648593.3333333335
Western,26,2272619.4444444445,8992.0,5311902.0,5311902.0,3067823.5263157897,0.0
Classical Western,79,2092083.7741935484,7239.0,3786036.0,3786036.0,3006933.2075471696,483721.6
Faith & Spirituality Documentary,33,2088293.3333333333,312751.0,306447.4137931034,12668.0,1450575.878787879,637717.4545454546
Food Documentary,25,1868129.76,257371.0,126275.96,17189.0,1309110.32,559019.44
Thriller,70,1737470.2121212122,56390.0,476938.9387755102,8712.0,1341938.5535714286,556226.4423076923
Animation,65,1716763.2,397411.0,169359.08333333334,20590.0,823691.6206896552,995693.3965517242
Musical,27,1326635.0416666667,433785.0,344345.86666666664,96041.0,1750182.1923076923,470417.4347826087
Family,17,880557.4,90924.0,232724.45454545456,30597.0,774325.2,46077.61538461538
Documentary,1465,832034.9391003461,58829.0,84098.6473941368,7532.5,670711.4419889502,284441.8039215686
Military Documentary,18,819048.1111111111,274249.5,22973.666666666668,15565.0,680877.2777777778,138170.83333333334
Crime Documentary,28,770068.4642857143,144725.5,20831.56,14785.0,484343.39285714284,285725.0714285714
Sports Documentary,21,496243.5714285714,308575.0,53798.76190476191,28434.0,403672.61904761905,92570.95238095238
Film Noir,83,459832.12903225806,7324.0,426033.5714285714,11126.0,1669645.9705882352,265729.07692307694
News,56,150605.0,42054.0,10329.357142857143,6096.5,137009.2142857143,13595.785714285714
